<?xml version="1.0" encoding="UTF-8"?>
<GenRun Id="impl_1" LaunchPart="xc7a100tcsg324-1" LaunchTime="1697070284">
  <File Type="ROUTE-PWR" Name="down_counter_power_routed.rpt"/>
  <File Type="PA-TCL" Name="down_counter.tcl"/>
  <File Type="ROUTE-PWR-SUM" Name="down_counter_power_summary_routed.pb"/>
  <File Type="REPORTS-TCL" Name="down_counter_reports.tcl"/>
  <File Type="BITSTR-MSK" Name="down_counter.msk"/>
  <File Type="ROUTE-CLK" Name="down_counter_clock_utilization_routed.rpt"/>
  <File Type="RDI-RDI" Name="down_counter.vdi"/>
  <File Type="POSTROUTE-PHYSOPT-BUS-SKEW-PB" Name="down_counter_bus_skew_postroute_physopted.pb"/>
  <File Type="BG-BIT" Name="down_counter.bit"/>
  <File Type="BG-DRC" Name="down_counter.drc"/>
  <File Type="BG-BGN" Name="down_counter.bgn"/>
  <File Type="BG-BIN" Name="down_counter.bin"/>
  <File Type="BITSTR-RBT" Name="down_counter.rbt"/>
  <File Type="BITSTR-NKY" Name="down_counter.nky"/>
  <File Type="BITSTR-BMM" Name="down_counter_bd.bmm"/>
  <File Type="BITSTR-MMI" Name="down_counter.mmi"/>
  <File Type="ROUTE-METHODOLOGY-DRC" Name="down_counter_methodology_drc_routed.rpt"/>
  <File Type="BITSTR-SYSDEF" Name="down_counter.sysdef"/>
  <File Type="BITSTR-LTX" Name="debug_nets.ltx"/>
  <File Type="BITSTR-LTX" Name="down_counter.ltx"/>
  <File Type="WBT-USG" Name="usage_statistics_webtalk.html"/>
  <File Type="OPT-DRC" Name="down_counter_drc_opted.rpt"/>
  <File Type="OPT-HWDEF" Name="down_counter.hwdef"/>
  <File Type="PLACE-IO" Name="down_counter_io_placed.rpt"/>
  <File Type="PLACE-UTIL" Name="down_counter_utilization_placed.rpt"/>
  <File Type="PLACE-UTIL-PB" Name="down_counter_utilization_placed.pb"/>
  <File Type="PLACE-CTRL" Name="down_counter_control_sets_placed.rpt"/>
  <File Type="PLACE-PRE-SIMILARITY" Name="down_counter_incremental_reuse_pre_placed.rpt"/>
  <File Type="ROUTE-DRC" Name="down_counter_drc_routed.rpt"/>
  <File Type="ROUTE-DRC-PB" Name="down_counter_drc_routed.pb"/>
  <File Type="ROUTE-PWR-RPX" Name="down_counter_power_routed.rpx"/>
  <File Type="ROUTE-STATUS" Name="down_counter_route_status.rpt"/>
  <File Type="ROUTE-STATUS-PB" Name="down_counter_route_status.pb"/>
  <File Type="ROUTE-DCP" Name="down_counter_routed.dcp"/>
  <File Type="ROUTE-ERROR-DCP" Name="down_counter_routed_error.dcp"/>
  <File Type="ROUTE-BLACKBOX-DCP" Name="down_counter_routed_bb.dcp"/>
  <File Type="ROUTE-TIMINGSUMMARY" Name="down_counter_timing_summary_routed.rpt"/>
  <File Type="ROUTE-TIMING-PB" Name="down_counter_timing_summary_routed.pb"/>
  <File Type="ROUTE-TIMING-RPX" Name="down_counter_timing_summary_routed.rpx"/>
  <File Type="ROUTE-SIMILARITY" Name="down_counter_incremental_reuse_routed.rpt"/>
  <File Type="ROUTE-BUS-SKEW" Name="down_counter_bus_skew_routed.rpt"/>
  <File Type="ROUTE-BUS-SKEW-PB" Name="down_counter_bus_skew_routed.pb"/>
  <File Type="ROUTE-BUS-SKEW-RPX" Name="down_counter_bus_skew_routed.rpx"/>
  <File Type="OPT-DCP" Name="down_counter_opt.dcp"/>
  <File Type="PLACE-DCP" Name="down_counter_placed.dcp"/>
  <File Type="PWROPT-DCP" Name="down_counter_pwropt.dcp"/>
  <File Type="POSTPLACE-PWROPT-DCP" Name="down_counter_postplace_pwropt.dcp"/>
  <File Type="PHYSOPT-DCP" Name="down_counter_physopt.dcp"/>
  <File Type="POSTROUTE-PHYSOPT-DCP" Name="down_counter_postroute_physopt.dcp"/>
  <File Type="POSTROUTE-PHYSOPT-BLACKBOX-DCP" Name="down_counter_postroute_physopt_bb.dcp"/>
  <File Type="POSTROUTE-PHYSOPT-TIMING" Name="down_counter_timing_summary_postroute_physopted.rpt"/>
  <File Type="POSTROUTE-PHYSOPT-TIMING-PB" Name="down_counter_timing_summary_postroute_physopted.pb"/>
  <File Type="POSTROUTE-PHYSOPT-TIMING-RPX" Name="down_counter_timing_summary_postroute_physopted.rpx"/>
  <File Type="POSTROUTE-PHYSOPT-BUS-SKEW" Name="down_counter_bus_skew_postroute_physopted.rpt"/>
  <File Type="POSTROUTE-PHYSOPT-BUS-SKEW-RPX" Name="down_counter_bus_skew_postroute_physopted.rpx"/>
  <File Type="ROUTE-METHODOLOGY-DRC-PB" Name="down_counter_methodology_drc_routed.pb"/>
  <File Type="ROUTE-DRC-RPX" Name="down_counter_drc_routed.rpx"/>
  <File Type="ROUTE-METHODOLOGY-DRC-RPX" Name="down_counter_methodology_drc_routed.rpx"/>
  <File Type="PDI-FILE" Name="down_counter.pdi"/>
  <File Type="BOOT-PDI-FILE" Name="down_counter_soc.pdi"/>
  <File Type="PL-PDI-FILE" Name="down_counter_pld.pdi"/>
  <File Type="RCFI_FILE" Name="down_counter.rcfi"/>
  <File Type="CFI_FILE" Name="down_counter.cfi"/>
  <File Type="RNPI_FILE" Name="down_counter.rnpi"/>
  <File Type="NPI_FILE" Name="down_counter.npi"/>
  <File Type="RBD_FILE" Name="down_counter.rbd"/>
  <File Type="ROUTE-RQS" Name="down_counter_routed.rqs"/>
  <File Type="POSTROUTE-PHYSOPT-RQS" Name="down_counter_postroute_physopted.rqs"/>
  <File Type="ROUTE-RQS-RPT" Name="route_report_qor_suggestions_0.rpt"/>
  <File Type="POSTROUTE-PHYSOPT-RQS-RPT" Name="postroute_physopt_report_qor_suggestions_0.rpt"/>
  <FileSet Name="sources" Type="DesignSrcs" RelSrcDir="$PSRCDIR/sources_1" RelGenDir="$PGENDIR/sources_1">
    <Filter Type="Srcs"/>
    <File Path="$PSRCDIR/sources_1/new/clk_div.v">
      <FileInfo>
        <Attr Name="UsedIn" Val="synthesis"/>
        <Attr Name="UsedIn" Val="implementation"/>
        <Attr Name="UsedIn" Val="simulation"/>
      </FileInfo>
    </File>
    <File Path="$PSRCDIR/sources_1/new/down_counter.v">
      <FileInfo>
        <Attr Name="UsedIn" Val="synthesis"/>
        <Attr Name="UsedIn" Val="implementation"/>
        <Attr Name="UsedIn" Val="simulation"/>
      </FileInfo>
    </File>
    <Config>
      <Option Name="DesignMode" Val="RTL"/>
      <Option Name="TopModule" Val="down_counter"/>
      <Option Name="TopAutoSet" Val="TRUE"/>
    </Config>
  </FileSet>
  <FileSet Name="constrs_in" Type="Constrs" RelSrcDir="$PSRCDIR/constrs_1" RelGenDir="$PGENDIR/constrs_1">
    <Filter Type="Constrs"/>
    <File Path="$PSRCDIR/constrs_1/new/const.xdc">
      <FileInfo>
        <Attr Name="UsedIn" Val="synthesis"/>
        <Attr Name="UsedIn" Val="implementation"/>
      </FileInfo>
    </File>
    <Config>
      <Option Name="ConstrsType" Val="XDC"/>
    </Config>
  </FileSet>
  <FileSet Name="utils" Type="Utils" RelSrcDir="$PSRCDIR/utils_1" RelGenDir="$PGENDIR/utils_1">
    <Filter Type="Utils"/>
    <File Path="$PSRCDIR/utils_1/imports/synth_1/down_counter.dcp">
      <FileInfo>
        <Attr Name="UsedIn" Val="synthesis"/>
        <Attr Name="UsedIn" Val="implementation"/>
        <Attr Name="UsedInSteps" Val="synth_1"/>
        <Attr Name="AutoDcp" Val="1"/>
      </FileInfo>
    </File>
    <Config>
      <Option Name="TopAutoSet" Val="TRUE"/>
    </Config>
  </FileSet>
  <Strategy Version="1" Minor="2">
    <StratHandle Name="Vivado Implementation Defaults" Flow="Vivado Implementation 2023"/>
    <Step Id="init_design"/>
    <Step Id="opt_design"/>
    <Step Id="power_opt_design"/>
    <Step Id="place_design"/>
    <Step Id="post_place_power_opt_design"/>
    <Step Id="phys_opt_design"/>
    <Step Id="route_design"/>
    <Step Id="post_route_phys_opt_design"/>
    <Step Id="write_bitstream"/>
  </Strategy>
</GenRun>
