<?xml version="1.0" encoding="UTF-8"?>
<GenRun Id="impl_1" LaunchPart="xc7a100tcsg324-1" LaunchTime="1695243321">
  <File Type="ROUTE-PWR" Name="decoder_4x16_power_routed.rpt"/>
  <File Type="PA-TCL" Name="decoder_4x16.tcl"/>
  <File Type="ROUTE-PWR-SUM" Name="decoder_4x16_power_summary_routed.pb"/>
  <File Type="REPORTS-TCL" Name="decoder_4x16_reports.tcl"/>
  <File Type="BITSTR-MSK" Name="decoder_4x16.msk"/>
  <File Type="ROUTE-CLK" Name="decoder_4x16_clock_utilization_routed.rpt"/>
  <File Type="RDI-RDI" Name="decoder_4x16.vdi"/>
  <File Type="POSTROUTE-PHYSOPT-BUS-SKEW-PB" Name="decoder_4x16_bus_skew_postroute_physopted.pb"/>
  <File Type="BG-BIT" Name="decoder_4x16.bit"/>
  <File Type="BG-DRC" Name="decoder_4x16.drc"/>
  <File Type="BG-BGN" Name="decoder_4x16.bgn"/>
  <File Type="BG-BIN" Name="decoder_4x16.bin"/>
  <File Type="BITSTR-RBT" Name="decoder_4x16.rbt"/>
  <File Type="BITSTR-NKY" Name="decoder_4x16.nky"/>
  <File Type="BITSTR-BMM" Name="decoder_4x16_bd.bmm"/>
  <File Type="BITSTR-MMI" Name="decoder_4x16.mmi"/>
  <File Type="ROUTE-METHODOLOGY-DRC" Name="decoder_4x16_methodology_drc_routed.rpt"/>
  <File Type="BITSTR-SYSDEF" Name="decoder_4x16.sysdef"/>
  <File Type="ROUTE-METHODOLOGY-DRC-PB" Name="decoder_4x16_methodology_drc_routed.pb"/>
  <File Type="BITSTR-LTX" Name="debug_nets.ltx"/>
  <File Type="BITSTR-LTX" Name="decoder_4x16.ltx"/>
  <File Type="BOOT-PDI-FILE" Name="decoder_4x16_soc.pdi"/>
  <File Type="WBT-USG" Name="usage_statistics_webtalk.html"/>
  <File Type="NPI_FILE" Name="decoder_4x16.npi"/>
  <File Type="OPT-DRC" Name="decoder_4x16_drc_opted.rpt"/>
  <File Type="RBD_FILE" Name="decoder_4x16.rbd"/>
  <File Type="OPT-HWDEF" Name="decoder_4x16.hwdef"/>
  <File Type="PLACE-IO" Name="decoder_4x16_io_placed.rpt"/>
  <File Type="PLACE-UTIL" Name="decoder_4x16_utilization_placed.rpt"/>
  <File Type="PLACE-UTIL-PB" Name="decoder_4x16_utilization_placed.pb"/>
  <File Type="PLACE-CTRL" Name="decoder_4x16_control_sets_placed.rpt"/>
  <File Type="PLACE-PRE-SIMILARITY" Name="decoder_4x16_incremental_reuse_pre_placed.rpt"/>
  <File Type="ROUTE-DRC" Name="decoder_4x16_drc_routed.rpt"/>
  <File Type="ROUTE-DRC-PB" Name="decoder_4x16_drc_routed.pb"/>
  <File Type="ROUTE-PWR-RPX" Name="decoder_4x16_power_routed.rpx"/>
  <File Type="ROUTE-STATUS" Name="decoder_4x16_route_status.rpt"/>
  <File Type="ROUTE-STATUS-PB" Name="decoder_4x16_route_status.pb"/>
  <File Type="ROUTE-DCP" Name="decoder_4x16_routed.dcp"/>
  <File Type="ROUTE-ERROR-DCP" Name="decoder_4x16_routed_error.dcp"/>
  <File Type="ROUTE-BLACKBOX-DCP" Name="decoder_4x16_routed_bb.dcp"/>
  <File Type="ROUTE-TIMINGSUMMARY" Name="decoder_4x16_timing_summary_routed.rpt"/>
  <File Type="ROUTE-TIMING-PB" Name="decoder_4x16_timing_summary_routed.pb"/>
  <File Type="ROUTE-TIMING-RPX" Name="decoder_4x16_timing_summary_routed.rpx"/>
  <File Type="ROUTE-SIMILARITY" Name="decoder_4x16_incremental_reuse_routed.rpt"/>
  <File Type="ROUTE-BUS-SKEW" Name="decoder_4x16_bus_skew_routed.rpt"/>
  <File Type="ROUTE-BUS-SKEW-PB" Name="decoder_4x16_bus_skew_routed.pb"/>
  <File Type="ROUTE-BUS-SKEW-RPX" Name="decoder_4x16_bus_skew_routed.rpx"/>
  <File Type="OPT-DCP" Name="decoder_4x16_opt.dcp"/>
  <File Type="PLACE-DCP" Name="decoder_4x16_placed.dcp"/>
  <File Type="PWROPT-DCP" Name="decoder_4x16_pwropt.dcp"/>
  <File Type="POSTPLACE-PWROPT-DCP" Name="decoder_4x16_postplace_pwropt.dcp"/>
  <File Type="PHYSOPT-DCP" Name="decoder_4x16_physopt.dcp"/>
  <File Type="POSTROUTE-PHYSOPT-DCP" Name="decoder_4x16_postroute_physopt.dcp"/>
  <File Type="POSTROUTE-PHYSOPT-BLACKBOX-DCP" Name="decoder_4x16_postroute_physopt_bb.dcp"/>
  <File Type="POSTROUTE-PHYSOPT-TIMING" Name="decoder_4x16_timing_summary_postroute_physopted.rpt"/>
  <File Type="POSTROUTE-PHYSOPT-TIMING-PB" Name="decoder_4x16_timing_summary_postroute_physopted.pb"/>
  <File Type="POSTROUTE-PHYSOPT-TIMING-RPX" Name="decoder_4x16_timing_summary_postroute_physopted.rpx"/>
  <File Type="POSTROUTE-PHYSOPT-BUS-SKEW" Name="decoder_4x16_bus_skew_postroute_physopted.rpt"/>
  <File Type="POSTROUTE-PHYSOPT-BUS-SKEW-RPX" Name="decoder_4x16_bus_skew_postroute_physopted.rpx"/>
  <File Type="ROUTE-DRC-RPX" Name="decoder_4x16_drc_routed.rpx"/>
  <File Type="ROUTE-METHODOLOGY-DRC-RPX" Name="decoder_4x16_methodology_drc_routed.rpx"/>
  <File Type="PDI-FILE" Name="decoder_4x16.pdi"/>
  <File Type="PL-PDI-FILE" Name="decoder_4x16_pld.pdi"/>
  <File Type="RCFI_FILE" Name="decoder_4x16.rcfi"/>
  <File Type="CFI_FILE" Name="decoder_4x16.cfi"/>
  <File Type="RNPI_FILE" Name="decoder_4x16.rnpi"/>
  <File Type="ROUTE-RQS" Name="decoder_4x16_routed.rqs"/>
  <File Type="POSTROUTE-PHYSOPT-RQS" Name="decoder_4x16_postroute_physopted.rqs"/>
  <File Type="ROUTE-RQS-RPT" Name="route_report_qor_suggestions_0.rpt"/>
  <File Type="POSTROUTE-PHYSOPT-RQS-RPT" Name="postroute_physopt_report_qor_suggestions_0.rpt"/>
  <FileSet Name="sources" Type="DesignSrcs" RelSrcDir="$PSRCDIR/sources_1" RelGenDir="$PGENDIR/sources_1">
    <Filter Type="Srcs"/>
    <File Path="$PSRCDIR/sources_1/new/decoder_4x16.v">
      <FileInfo>
        <Attr Name="UsedIn" Val="synthesis"/>
        <Attr Name="UsedIn" Val="implementation"/>
        <Attr Name="UsedIn" Val="simulation"/>
      </FileInfo>
    </File>
    <File Path="$PSRCDIR/sources_1/new/decoder_2x2.v">
      <FileInfo>
        <Attr Name="UserDisabled" Val="1"/>
        <Attr Name="UsedIn" Val="synthesis"/>
        <Attr Name="UsedIn" Val="implementation"/>
        <Attr Name="UsedIn" Val="simulation"/>
      </FileInfo>
    </File>
    <Config>
      <Option Name="DesignMode" Val="RTL"/>
      <Option Name="TopModule" Val="decoder_4x16"/>
      <Option Name="TopAutoSet" Val="TRUE"/>
    </Config>
  </FileSet>
  <FileSet Name="constrs_in" Type="Constrs" RelSrcDir="$PSRCDIR/constrs_1" RelGenDir="$PGENDIR/constrs_1">
    <Filter Type="Constrs"/>
    <File Path="$PSRCDIR/constrs_1/new/Const.xdc">
      <FileInfo>
        <Attr Name="UsedIn" Val="synthesis"/>
        <Attr Name="UsedIn" Val="implementation"/>
      </FileInfo>
    </File>
    <Config>
      <Option Name="ConstrsType" Val="XDC"/>
    </Config>
  </FileSet>
  <FileSet Name="utils" Type="Utils" RelSrcDir="$PSRCDIR/utils_1" RelGenDir="$PGENDIR/utils_1">
    <Filter Type="Utils"/>
    <File Path="$PSRCDIR/utils_1/imports/synth_1/decoder_4x16_tb.dcp">
      <FileInfo>
        <Attr Name="UsedIn" Val="synthesis"/>
        <Attr Name="UsedIn" Val="implementation"/>
        <Attr Name="UsedInSteps" Val="synth_1"/>
        <Attr Name="AutoDcp" Val="1"/>
      </FileInfo>
    </File>
    <Config>
      <Option Name="TopAutoSet" Val="TRUE"/>
    </Config>
  </FileSet>
  <Strategy Version="1" Minor="2">
    <StratHandle Name="Vivado Implementation Defaults" Flow="Vivado Implementation 2023"/>
    <Step Id="init_design"/>
    <Step Id="opt_design"/>
    <Step Id="power_opt_design"/>
    <Step Id="place_design"/>
    <Step Id="post_place_power_opt_design"/>
    <Step Id="phys_opt_design"/>
    <Step Id="route_design"/>
    <Step Id="post_route_phys_opt_design"/>
    <Step Id="write_bitstream"/>
  </Strategy>
</GenRun>
