<?xml version="1.0" encoding="UTF-8"?>
<GenRun Id="impl_1" LaunchPart="xc7a100tcsg324-1" LaunchTime="1695864204">
  <File Type="ROUTE-PWR" Name="ssd_driver_power_routed.rpt"/>
  <File Type="PA-TCL" Name="ssd_driver.tcl"/>
  <File Type="ROUTE-PWR-SUM" Name="ssd_driver_power_summary_routed.pb"/>
  <File Type="REPORTS-TCL" Name="ssd_driver_reports.tcl"/>
  <File Type="BITSTR-MSK" Name="ssd_driver.msk"/>
  <File Type="ROUTE-CLK" Name="ssd_driver_clock_utilization_routed.rpt"/>
  <File Type="RDI-RDI" Name="ssd_driver.vdi"/>
  <File Type="POSTROUTE-PHYSOPT-BUS-SKEW-PB" Name="ssd_driver_bus_skew_postroute_physopted.pb"/>
  <File Type="BG-BIT" Name="ssd_driver.bit"/>
  <File Type="BG-DRC" Name="ssd_driver.drc"/>
  <File Type="BG-BGN" Name="ssd_driver.bgn"/>
  <File Type="BG-BIN" Name="ssd_driver.bin"/>
  <File Type="BITSTR-RBT" Name="ssd_driver.rbt"/>
  <File Type="BITSTR-NKY" Name="ssd_driver.nky"/>
  <File Type="BITSTR-BMM" Name="ssd_driver_bd.bmm"/>
  <File Type="BITSTR-MMI" Name="ssd_driver.mmi"/>
  <File Type="ROUTE-METHODOLOGY-DRC" Name="ssd_driver_methodology_drc_routed.rpt"/>
  <File Type="BITSTR-SYSDEF" Name="ssd_driver.sysdef"/>
  <File Type="ROUTE-METHODOLOGY-DRC-PB" Name="ssd_driver_methodology_drc_routed.pb"/>
  <File Type="BITSTR-LTX" Name="debug_nets.ltx"/>
  <File Type="BITSTR-LTX" Name="ssd_driver.ltx"/>
  <File Type="BOOT-PDI-FILE" Name="ssd_driver_soc.pdi"/>
  <File Type="WBT-USG" Name="usage_statistics_webtalk.html"/>
  <File Type="NPI_FILE" Name="ssd_driver.npi"/>
  <File Type="OPT-DRC" Name="ssd_driver_drc_opted.rpt"/>
  <File Type="RBD_FILE" Name="ssd_driver.rbd"/>
  <File Type="OPT-HWDEF" Name="ssd_driver.hwdef"/>
  <File Type="PLACE-IO" Name="ssd_driver_io_placed.rpt"/>
  <File Type="PLACE-UTIL" Name="ssd_driver_utilization_placed.rpt"/>
  <File Type="PLACE-UTIL-PB" Name="ssd_driver_utilization_placed.pb"/>
  <File Type="PLACE-CTRL" Name="ssd_driver_control_sets_placed.rpt"/>
  <File Type="PLACE-PRE-SIMILARITY" Name="ssd_driver_incremental_reuse_pre_placed.rpt"/>
  <File Type="ROUTE-DRC" Name="ssd_driver_drc_routed.rpt"/>
  <File Type="ROUTE-DRC-PB" Name="ssd_driver_drc_routed.pb"/>
  <File Type="ROUTE-PWR-RPX" Name="ssd_driver_power_routed.rpx"/>
  <File Type="ROUTE-STATUS" Name="ssd_driver_route_status.rpt"/>
  <File Type="ROUTE-STATUS-PB" Name="ssd_driver_route_status.pb"/>
  <File Type="ROUTE-DCP" Name="ssd_driver_routed.dcp"/>
  <File Type="ROUTE-ERROR-DCP" Name="ssd_driver_routed_error.dcp"/>
  <File Type="ROUTE-BLACKBOX-DCP" Name="ssd_driver_routed_bb.dcp"/>
  <File Type="ROUTE-TIMINGSUMMARY" Name="ssd_driver_timing_summary_routed.rpt"/>
  <File Type="ROUTE-TIMING-PB" Name="ssd_driver_timing_summary_routed.pb"/>
  <File Type="ROUTE-TIMING-RPX" Name="ssd_driver_timing_summary_routed.rpx"/>
  <File Type="ROUTE-SIMILARITY" Name="ssd_driver_incremental_reuse_routed.rpt"/>
  <File Type="ROUTE-BUS-SKEW" Name="ssd_driver_bus_skew_routed.rpt"/>
  <File Type="ROUTE-BUS-SKEW-PB" Name="ssd_driver_bus_skew_routed.pb"/>
  <File Type="ROUTE-BUS-SKEW-RPX" Name="ssd_driver_bus_skew_routed.rpx"/>
  <File Type="OPT-DCP" Name="ssd_driver_opt.dcp"/>
  <File Type="PLACE-DCP" Name="ssd_driver_placed.dcp"/>
  <File Type="PWROPT-DCP" Name="ssd_driver_pwropt.dcp"/>
  <File Type="POSTPLACE-PWROPT-DCP" Name="ssd_driver_postplace_pwropt.dcp"/>
  <File Type="PHYSOPT-DCP" Name="ssd_driver_physopt.dcp"/>
  <File Type="POSTROUTE-PHYSOPT-DCP" Name="ssd_driver_postroute_physopt.dcp"/>
  <File Type="POSTROUTE-PHYSOPT-BLACKBOX-DCP" Name="ssd_driver_postroute_physopt_bb.dcp"/>
  <File Type="POSTROUTE-PHYSOPT-TIMING" Name="ssd_driver_timing_summary_postroute_physopted.rpt"/>
  <File Type="POSTROUTE-PHYSOPT-TIMING-PB" Name="ssd_driver_timing_summary_postroute_physopted.pb"/>
  <File Type="POSTROUTE-PHYSOPT-TIMING-RPX" Name="ssd_driver_timing_summary_postroute_physopted.rpx"/>
  <File Type="POSTROUTE-PHYSOPT-BUS-SKEW" Name="ssd_driver_bus_skew_postroute_physopted.rpt"/>
  <File Type="POSTROUTE-PHYSOPT-BUS-SKEW-RPX" Name="ssd_driver_bus_skew_postroute_physopted.rpx"/>
  <File Type="ROUTE-DRC-RPX" Name="ssd_driver_drc_routed.rpx"/>
  <File Type="ROUTE-METHODOLOGY-DRC-RPX" Name="ssd_driver_methodology_drc_routed.rpx"/>
  <File Type="PDI-FILE" Name="ssd_driver.pdi"/>
  <File Type="PL-PDI-FILE" Name="ssd_driver_pld.pdi"/>
  <File Type="RCFI_FILE" Name="ssd_driver.rcfi"/>
  <File Type="CFI_FILE" Name="ssd_driver.cfi"/>
  <File Type="RNPI_FILE" Name="ssd_driver.rnpi"/>
  <File Type="ROUTE-RQS" Name="ssd_driver_routed.rqs"/>
  <File Type="POSTROUTE-PHYSOPT-RQS" Name="ssd_driver_postroute_physopted.rqs"/>
  <File Type="ROUTE-RQS-RPT" Name="route_report_qor_suggestions_0.rpt"/>
  <File Type="POSTROUTE-PHYSOPT-RQS-RPT" Name="postroute_physopt_report_qor_suggestions_0.rpt"/>
  <FileSet Name="sources" Type="DesignSrcs" RelSrcDir="$PSRCDIR/sources_1" RelGenDir="$PGENDIR/sources_1">
    <Filter Type="Srcs"/>
    <File Path="$PSRCDIR/sources_1/new/ssd_driver.v">
      <FileInfo>
        <Attr Name="UsedIn" Val="synthesis"/>
        <Attr Name="UsedIn" Val="implementation"/>
        <Attr Name="UsedIn" Val="simulation"/>
      </FileInfo>
    </File>
    <Config>
      <Option Name="DesignMode" Val="RTL"/>
      <Option Name="TopModule" Val="ssd_driver"/>
      <Option Name="TopAutoSet" Val="TRUE"/>
    </Config>
  </FileSet>
  <FileSet Name="constrs_in" Type="Constrs" RelSrcDir="$PSRCDIR/constrs_1" RelGenDir="$PGENDIR/constrs_1">
    <Filter Type="Constrs"/>
    <File Path="$PSRCDIR/constrs_1/new/Const.xdc">
      <FileInfo>
        <Attr Name="UsedIn" Val="synthesis"/>
        <Attr Name="UsedIn" Val="implementation"/>
      </FileInfo>
    </File>
    <Config>
      <Option Name="ConstrsType" Val="XDC"/>
    </Config>
  </FileSet>
  <FileSet Name="utils" Type="Utils" RelSrcDir="$PSRCDIR/utils_1" RelGenDir="$PGENDIR/utils_1">
    <Filter Type="Utils"/>
    <File Path="$PSRCDIR/utils_1/imports/synth_1/ssd_driver.dcp">
      <FileInfo>
        <Attr Name="UsedIn" Val="synthesis"/>
        <Attr Name="UsedIn" Val="implementation"/>
        <Attr Name="UsedInSteps" Val="synth_1"/>
        <Attr Name="AutoDcp" Val="1"/>
      </FileInfo>
    </File>
    <Config>
      <Option Name="TopAutoSet" Val="TRUE"/>
    </Config>
  </FileSet>
  <Strategy Version="1" Minor="2">
    <StratHandle Name="Vivado Implementation Defaults" Flow="Vivado Implementation 2023"/>
    <Step Id="init_design"/>
    <Step Id="opt_design"/>
    <Step Id="power_opt_design"/>
    <Step Id="place_design"/>
    <Step Id="post_place_power_opt_design"/>
    <Step Id="phys_opt_design"/>
    <Step Id="route_design"/>
    <Step Id="post_route_phys_opt_design"/>
    <Step Id="write_bitstream"/>
  </Strategy>
</GenRun>
