<?xml version="1.0" encoding="UTF-8"?>
<GenRun Id="impl_1" LaunchPart="xc7a100tcsg324-1" LaunchTime="1699221087">
  <File Type="ROUTE-PWR" Name="BS_power_routed.rpt"/>
  <File Type="PA-TCL" Name="BS.tcl"/>
  <File Type="ROUTE-PWR-SUM" Name="BS_power_summary_routed.pb"/>
  <File Type="REPORTS-TCL" Name="BS_reports.tcl"/>
  <File Type="BITSTR-MSK" Name="BS.msk"/>
  <File Type="ROUTE-CLK" Name="BS_clock_utilization_routed.rpt"/>
  <File Type="RDI-RDI" Name="BS.vdi"/>
  <File Type="POSTROUTE-PHYSOPT-BUS-SKEW-PB" Name="BS_bus_skew_postroute_physopted.pb"/>
  <File Type="BG-BIT" Name="BS.bit"/>
  <File Type="BG-DRC" Name="BS.drc"/>
  <File Type="BG-BGN" Name="BS.bgn"/>
  <File Type="BG-BIN" Name="BS.bin"/>
  <File Type="BITSTR-RBT" Name="BS.rbt"/>
  <File Type="BITSTR-NKY" Name="BS.nky"/>
  <File Type="BITSTR-BMM" Name="BS_bd.bmm"/>
  <File Type="BITSTR-MMI" Name="BS.mmi"/>
  <File Type="ROUTE-METHODOLOGY-DRC" Name="BS_methodology_drc_routed.rpt"/>
  <File Type="BITSTR-SYSDEF" Name="BS.sysdef"/>
  <File Type="BITSTR-LTX" Name="debug_nets.ltx"/>
  <File Type="BITSTR-LTX" Name="BS.ltx"/>
  <File Type="WBT-USG" Name="usage_statistics_webtalk.html"/>
  <File Type="OPT-DRC" Name="BS_drc_opted.rpt"/>
  <File Type="OPT-HWDEF" Name="BS.hwdef"/>
  <File Type="PLACE-IO" Name="BS_io_placed.rpt"/>
  <File Type="PLACE-UTIL" Name="BS_utilization_placed.rpt"/>
  <File Type="PLACE-UTIL-PB" Name="BS_utilization_placed.pb"/>
  <File Type="PLACE-CTRL" Name="BS_control_sets_placed.rpt"/>
  <File Type="PLACE-PRE-SIMILARITY" Name="BS_incremental_reuse_pre_placed.rpt"/>
  <File Type="ROUTE-DRC" Name="BS_drc_routed.rpt"/>
  <File Type="ROUTE-DRC-PB" Name="BS_drc_routed.pb"/>
  <File Type="ROUTE-PWR-RPX" Name="BS_power_routed.rpx"/>
  <File Type="ROUTE-STATUS" Name="BS_route_status.rpt"/>
  <File Type="ROUTE-STATUS-PB" Name="BS_route_status.pb"/>
  <File Type="ROUTE-DCP" Name="BS_routed.dcp"/>
  <File Type="ROUTE-ERROR-DCP" Name="BS_routed_error.dcp"/>
  <File Type="ROUTE-BLACKBOX-DCP" Name="BS_routed_bb.dcp"/>
  <File Type="ROUTE-TIMINGSUMMARY" Name="BS_timing_summary_routed.rpt"/>
  <File Type="ROUTE-TIMING-PB" Name="BS_timing_summary_routed.pb"/>
  <File Type="ROUTE-TIMING-RPX" Name="BS_timing_summary_routed.rpx"/>
  <File Type="ROUTE-SIMILARITY" Name="BS_incremental_reuse_routed.rpt"/>
  <File Type="ROUTE-BUS-SKEW" Name="BS_bus_skew_routed.rpt"/>
  <File Type="ROUTE-BUS-SKEW-PB" Name="BS_bus_skew_routed.pb"/>
  <File Type="ROUTE-BUS-SKEW-RPX" Name="BS_bus_skew_routed.rpx"/>
  <File Type="OPT-DCP" Name="BS_opt.dcp"/>
  <File Type="PLACE-DCP" Name="BS_placed.dcp"/>
  <File Type="PWROPT-DCP" Name="BS_pwropt.dcp"/>
  <File Type="POSTPLACE-PWROPT-DCP" Name="BS_postplace_pwropt.dcp"/>
  <File Type="PHYSOPT-DCP" Name="BS_physopt.dcp"/>
  <File Type="POSTROUTE-PHYSOPT-DCP" Name="BS_postroute_physopt.dcp"/>
  <File Type="POSTROUTE-PHYSOPT-BLACKBOX-DCP" Name="BS_postroute_physopt_bb.dcp"/>
  <File Type="POSTROUTE-PHYSOPT-TIMING" Name="BS_timing_summary_postroute_physopted.rpt"/>
  <File Type="POSTROUTE-PHYSOPT-TIMING-PB" Name="BS_timing_summary_postroute_physopted.pb"/>
  <File Type="POSTROUTE-PHYSOPT-TIMING-RPX" Name="BS_timing_summary_postroute_physopted.rpx"/>
  <File Type="POSTROUTE-PHYSOPT-BUS-SKEW" Name="BS_bus_skew_postroute_physopted.rpt"/>
  <File Type="POSTROUTE-PHYSOPT-BUS-SKEW-RPX" Name="BS_bus_skew_postroute_physopted.rpx"/>
  <File Type="ROUTE-METHODOLOGY-DRC-PB" Name="BS_methodology_drc_routed.pb"/>
  <File Type="ROUTE-DRC-RPX" Name="BS_drc_routed.rpx"/>
  <File Type="ROUTE-METHODOLOGY-DRC-RPX" Name="BS_methodology_drc_routed.rpx"/>
  <File Type="PDI-FILE" Name="BS.pdi"/>
  <File Type="BOOT-PDI-FILE" Name="BS_soc.pdi"/>
  <File Type="PL-PDI-FILE" Name="BS_pld.pdi"/>
  <File Type="RCFI_FILE" Name="BS.rcfi"/>
  <File Type="CFI_FILE" Name="BS.cfi"/>
  <File Type="RNPI_FILE" Name="BS.rnpi"/>
  <File Type="NPI_FILE" Name="BS.npi"/>
  <File Type="RBD_FILE" Name="BS.rbd"/>
  <File Type="ROUTE-RQS" Name="BS_routed.rqs"/>
  <File Type="POSTROUTE-PHYSOPT-RQS" Name="BS_postroute_physopted.rqs"/>
  <File Type="ROUTE-RQS-RPT" Name="route_report_qor_suggestions_0.rpt"/>
  <File Type="POSTROUTE-PHYSOPT-RQS-RPT" Name="postroute_physopt_report_qor_suggestions_0.rpt"/>
  <FileSet Name="sources" Type="DesignSrcs" RelSrcDir="$PSRCDIR/sources_1" RelGenDir="$PGENDIR/sources_1">
    <Filter Type="Srcs"/>
    <File Path="$PSRCDIR/sources_1/new/mux_2x1.v">
      <FileInfo>
        <Attr Name="UsedIn" Val="synthesis"/>
        <Attr Name="UsedIn" Val="implementation"/>
        <Attr Name="UsedIn" Val="simulation"/>
      </FileInfo>
    </File>
    <File Path="$PSRCDIR/sources_1/new/BS.v">
      <FileInfo>
        <Attr Name="UsedIn" Val="synthesis"/>
        <Attr Name="UsedIn" Val="implementation"/>
        <Attr Name="UsedIn" Val="simulation"/>
      </FileInfo>
    </File>
    <File Path="$PSRCDIR/sources_1/new/BSx8.v">
      <FileInfo>
        <Attr Name="AutoDisabled" Val="1"/>
        <Attr Name="UsedIn" Val="synthesis"/>
        <Attr Name="UsedIn" Val="implementation"/>
        <Attr Name="UsedIn" Val="simulation"/>
      </FileInfo>
    </File>
    <Config>
      <Option Name="DesignMode" Val="RTL"/>
      <Option Name="TopModule" Val="BS"/>
    </Config>
  </FileSet>
  <FileSet Name="constrs_in" Type="Constrs" RelSrcDir="$PSRCDIR/constrs_1" RelGenDir="$PGENDIR/constrs_1">
    <Filter Type="Constrs"/>
    <File Path="$PSRCDIR/constrs_1/new/const.xdc">
      <FileInfo>
        <Attr Name="UsedIn" Val="synthesis"/>
        <Attr Name="UsedIn" Val="implementation"/>
      </FileInfo>
    </File>
    <Config>
      <Option Name="ConstrsType" Val="XDC"/>
    </Config>
  </FileSet>
  <FileSet Name="utils" Type="Utils" RelSrcDir="$PSRCDIR/utils_1" RelGenDir="$PGENDIR/utils_1">
    <Filter Type="Utils"/>
    <File Path="$PSRCDIR/utils_1/imports/synth_1/BS.dcp">
      <FileInfo>
        <Attr Name="UsedIn" Val="synthesis"/>
        <Attr Name="UsedIn" Val="implementation"/>
        <Attr Name="UsedInSteps" Val="synth_1"/>
        <Attr Name="AutoDcp" Val="1"/>
      </FileInfo>
    </File>
    <Config>
      <Option Name="TopAutoSet" Val="TRUE"/>
    </Config>
  </FileSet>
  <Strategy Version="1" Minor="2">
    <StratHandle Name="Vivado Implementation Defaults" Flow="Vivado Implementation 2023"/>
    <Step Id="init_design"/>
    <Step Id="opt_design"/>
    <Step Id="power_opt_design"/>
    <Step Id="place_design"/>
    <Step Id="post_place_power_opt_design"/>
    <Step Id="phys_opt_design"/>
    <Step Id="route_design"/>
    <Step Id="post_route_phys_opt_design"/>
    <Step Id="write_bitstream"/>
  </Strategy>
</GenRun>
